Año,País,Parkinson
1990,Albania,50.399773
1991,Albania,51.27077
1992,Albania,52.50708
1993,Albania,54.122307
1994,Albania,56.102596
1995,Albania,58.329422
1996,Albania,60.820435
1997,Albania,63.73925
1998,Albania,66.96876
1999,Albania,70.38711
2000,Albania,74.03599
2001,Albania,77.95771
2002,Albania,82.08424
2003,Albania,86.25581
2004,Albania,90.3537
2005,Albania,94.35577
2006,Albania,98.47562
2007,Albania,102.85565
2008,Albania,107.37833
2009,Albania,111.94577
2010,Albania,116.5428
2011,Albania,121.192406
2012,Albania,125.65817
2013,Albania,129.98155
2014,Albania,134.39189
2015,Albania,139.1977
2016,Albania,144.86082
2017,Albania,150.61157
2018,Albania,156.48433
2019,Albania,162.31221
2020,Albania,166.44843
2021,Albania,169.54552
1990,Czechia,111.38229
1991,Czechia,113.47778
1992,Czechia,115.57936
1993,Czechia,117.588
1994,Czechia,119.72034
1995,Czechia,122.08167
1996,Czechia,124.39523
1997,Czechia,126.82584
1998,Czechia,129.23297
1999,Czechia,131.69164
2000,Czechia,134.29433
2001,Czechia,137.09378
2002,Czechia,140.07516
2003,Czechia,142.97894
2004,Czechia,145.66205
2005,Czechia,148.17801
2006,Czechia,150.63751
2007,Czechia,153.05211
2008,Czechia,155.4882
2009,Czechia,157.91159
2010,Czechia,160.58452
2011,Czechia,164.34276
2012,Czechia,168.99818
2013,Czechia,174.1726
2014,Czechia,179.30971
2015,Czechia,184.00603
2016,Czechia,188.6217
2017,Czechia,193.0386
2018,Czechia,197.55186
2019,Czechia,202.631
2020,Czechia,211.4698
2021,Czechia,209.97318
1990,Hungary,110.29745
1991,Hungary,111.82206
1992,Hungary,112.78066
1993,Hungary,113.57009
1994,Hungary,114.359314
1995,Hungary,115.82884
1996,Hungary,117.53561
1997,Hungary,118.97245
1998,Hungary,120.33415
1999,Hungary,121.697014
2000,Hungary,123.449
2001,Hungary,125.84843
2002,Hungary,128.15254
2003,Hungary,130.4917
2004,Hungary,132.88615
2005,Hungary,135.04901
2006,Hungary,137.64252
2007,Hungary,140.59102
2008,Hungary,144.08043
2009,Hungary,147.68912
2010,Hungary,150.87546
2011,Hungary,153.77953
2012,Hungary,156.81094
2013,Hungary,160.52724
2014,Hungary,164.46461
2015,Hungary,168.36798
2016,Hungary,172.95209
2017,Hungary,178.96222
2018,Hungary,185.5998
2019,Hungary,191.16003
2020,Hungary,192.97552
2021,Hungary,187.71913
1990,Montenegro,92.7729
1991,Montenegro,93.730965
1992,Montenegro,94.91232
1993,Montenegro,96.06998
1994,Montenegro,97.45093
1995,Montenegro,99.307884
1996,Montenegro,101.06254
1997,Montenegro,102.80819
1998,Montenegro,104.44711
1999,Montenegro,106.262985
2000,Montenegro,108.62749
2001,Montenegro,111.45959
2002,Montenegro,114.81854
2003,Montenegro,118.47742
2004,Montenegro,122.278656
2005,Montenegro,125.95224
2006,Montenegro,129.18774
2007,Montenegro,132.47934
2008,Montenegro,135.79308
2009,Montenegro,138.76024
2010,Montenegro,141.03981
2011,Montenegro,143.27864
2012,Montenegro,146.46385
2013,Montenegro,149.82686
2014,Montenegro,153.16246
2015,Montenegro,155.69453
2016,Montenegro,157.03938
2017,Montenegro,158.81192
2018,Montenegro,160.57982
2019,Montenegro,162.74263
2020,Montenegro,166.78354
2021,Montenegro,162.52895
1990,North Macedonia,77.362595
1991,North Macedonia,78.35066
1992,North Macedonia,79.42245
1993,North Macedonia,80.58142
1994,North Macedonia,82.142166
1995,North Macedonia,84.20043
1996,North Macedonia,86.637535
1997,North Macedonia,89.38202
1998,North Macedonia,92.26565
1999,North Macedonia,95.164474
2000,North Macedonia,98.10052
2001,North Macedonia,101.78704
2002,North Macedonia,106.116135
2003,North Macedonia,110.13536
2004,North Macedonia,113.98672
2005,North Macedonia,117.420395
2006,North Macedonia,120.05378
2007,North Macedonia,122.20162
2008,North Macedonia,123.96283
2009,North Macedonia,126.0157
2010,North Macedonia,128.34009
2011,North Macedonia,130.20831
2012,North Macedonia,131.889
2013,North Macedonia,133.53075
2014,North Macedonia,135.88298
2015,North Macedonia,138.78096
2016,North Macedonia,140.33386
2017,North Macedonia,141.29071
2018,North Macedonia,142.5131
2019,North Macedonia,145.5236
2020,North Macedonia,151.42764
2021,North Macedonia,152.83907
1990,Bulgaria,172.02664
1991,Bulgaria,180.28368
1992,Bulgaria,187.93904
1993,Bulgaria,194.62332
1994,Bulgaria,200.63184
1995,Bulgaria,205.62329
1996,Bulgaria,208.8935
1997,Bulgaria,209.45403
1998,Bulgaria,209.09337
1999,Bulgaria,209.69574
2000,Bulgaria,212.21988
2001,Bulgaria,217.22975
2002,Bulgaria,223.63257
2003,Bulgaria,230.70384
2004,Bulgaria,237.81387
2005,Bulgaria,244.26505
2006,Bulgaria,250.6062
2007,Bulgaria,257.4455
2008,Bulgaria,264.46768
2009,Bulgaria,271.31918
2010,Bulgaria,277.29062
2011,Bulgaria,273.27197
2012,Bulgaria,254.87541
2013,Bulgaria,230.73123
2014,Bulgaria,209.86504
2015,Bulgaria,201.99774
2016,Bulgaria,205.7469
2017,Bulgaria,211.05278
2018,Bulgaria,216.65753
2019,Bulgaria,220.98845
2020,Bulgaria,220.6885
2021,Bulgaria,223.83974
1990,Croatia,106.032646
1991,Croatia,108.075066
1992,Croatia,110.536095
1993,Croatia,113.441376
1994,Croatia,117.09169
1995,Croatia,122.37807
1996,Croatia,127.910866
1997,Croatia,134.01129
1998,Croatia,140.17288
1999,Croatia,146.40099
2000,Croatia,152.55133
2001,Croatia,157.63696
2002,Croatia,161.7309
2003,Croatia,164.81644
2004,Croatia,167.78218
2005,Croatia,171.12236
2006,Croatia,175.31847
2007,Croatia,180.20827
2008,Croatia,184.86676
2009,Croatia,189.00504
2010,Croatia,192.29959
2011,Croatia,194.659
2012,Croatia,197.33417
2013,Croatia,199.87863
2014,Croatia,202.2735
2015,Croatia,204.9228
2016,Croatia,208.2252
2017,Croatia,213.7266
2018,Croatia,219.62729
2019,Croatia,225.01425
2020,Croatia,229.92807
2021,Croatia,232.19794
1990,Romania,86.717674
1991,Romania,89.28507
1992,Romania,91.77384
1993,Romania,93.79542
1994,Romania,95.695755
1995,Romania,98.09617
1996,Romania,99.94727
1997,Romania,101.77129
1998,Romania,103.64397
1999,Romania,105.81907
2000,Romania,108.92727
2001,Romania,112.8672
2002,Romania,117.72331
2003,Romania,123.02672
2004,Romania,128.21631
2005,Romania,132.85709
2006,Romania,137.01718
2007,Romania,141.46783
2008,Romania,145.81013
2009,Romania,149.81093
2010,Romania,153.33559
2011,Romania,156.04608
2012,Romania,158.35109
2013,Romania,160.1607
2014,Romania,162.35507
2015,Romania,165.3641
2016,Romania,168.72845
2017,Romania,172.85295
2018,Romania,176.98941
2019,Romania,181.07205
2020,Romania,184.38242
2021,Romania,187.51677
1990,Bosnia and Herzegovina,79.29361
1991,Bosnia and Herzegovina,81.217896
1992,Bosnia and Herzegovina,83.01893
1993,Bosnia and Herzegovina,86.322784
1994,Bosnia and Herzegovina,92.13053
1995,Bosnia and Herzegovina,98.875885
1996,Bosnia and Herzegovina,106.065
1997,Bosnia and Herzegovina,113.72197
1998,Bosnia and Herzegovina,118.718376
1999,Bosnia and Herzegovina,121.70755
2000,Bosnia and Herzegovina,125.42242
2001,Bosnia and Herzegovina,129.25679
2002,Bosnia and Herzegovina,132.54321
2003,Bosnia and Herzegovina,135.382
2004,Bosnia and Herzegovina,137.74385
2005,Bosnia and Herzegovina,139.97908
2006,Bosnia and Herzegovina,143.70444
2007,Bosnia and Herzegovina,148.62631
2008,Bosnia and Herzegovina,152.21112
2009,Bosnia and Herzegovina,155.75826
2010,Bosnia and Herzegovina,160.24297
2011,Bosnia and Herzegovina,164.38062
2012,Bosnia and Herzegovina,168.4838
2013,Bosnia and Herzegovina,171.80362
2014,Bosnia and Herzegovina,174.75694
2015,Bosnia and Herzegovina,178.02574
2016,Bosnia and Herzegovina,181.25394
2017,Bosnia and Herzegovina,184.98701
2018,Bosnia and Herzegovina,188.44058
2019,Bosnia and Herzegovina,191.65004
2020,Bosnia and Herzegovina,194.7708
2021,Bosnia and Herzegovina,191.91708
1990,Serbia,88.33015
1991,Serbia,89.25238
1992,Serbia,89.70266
1993,Serbia,89.657135
1994,Serbia,91.19752
1995,Serbia,93.99016
1996,Serbia,96.93696
1997,Serbia,100.67248
1998,Serbia,105.27154
1999,Serbia,110.32322
2000,Serbia,115.20865
2001,Serbia,120.281235
2002,Serbia,126.33173
2003,Serbia,132.8049
2004,Serbia,137.82835
2005,Serbia,141.29265
2006,Serbia,144.40329
2007,Serbia,146.90292
2008,Serbia,148.70248
2009,Serbia,150.37529
2010,Serbia,152.66048
2011,Serbia,155.99078
2012,Serbia,160.10469
2013,Serbia,164.40228
2014,Serbia,168.04085
2015,Serbia,171.50485
2016,Serbia,175.30357
2017,Serbia,179.16716
2018,Serbia,183.17923
2019,Serbia,186.50302
2020,Serbia,185.89328
2021,Serbia,186.721
1990,Estonia,145.73083
1991,Estonia,149.09927
1992,Estonia,152.94778
1993,Estonia,157.20903
1994,Estonia,161.12439
1995,Estonia,164.44806
1996,Estonia,166.62224
1997,Estonia,167.64325
1998,Estonia,167.7609
1999,Estonia,167.81163
2000,Estonia,169.27095
2001,Estonia,174.01141
2002,Estonia,182.12874
2003,Estonia,191.71967
2004,Estonia,200.38872
2005,Estonia,206.67313
2006,Estonia,211.54753
2007,Estonia,217.16751
2008,Estonia,222.39534
2009,Estonia,226.50818
2010,Estonia,229.939
2011,Estonia,231.0022
2012,Estonia,229.65904
2013,Estonia,226.15997
2014,Estonia,221.85512
2015,Estonia,219.17413
2016,Estonia,217.2122
2017,Estonia,215.77986
2018,Estonia,215.05519
2019,Estonia,216.16324
2020,Estonia,234.41371
2021,Estonia,228.03111
1990,Latvia,129.26212
1991,Latvia,133.85513
1992,Latvia,138.20218
1993,Latvia,142.0285
1994,Latvia,144.81349
1995,Latvia,146.55624
1996,Latvia,147.70926
1997,Latvia,147.93037
1998,Latvia,147.75563
1999,Latvia,147.90704
2000,Latvia,149.4901
2001,Latvia,152.99164
2002,Latvia,157.2849
2003,Latvia,162.23901
2004,Latvia,166.94798
2005,Latvia,170.61893
2006,Latvia,172.39517
2007,Latvia,172.38292
2008,Latvia,172.07755
2009,Latvia,172.3516
2010,Latvia,174.44707
2011,Latvia,178.29973
2012,Latvia,183.01675
2013,Latvia,188.04416
2014,Latvia,192.79208
2015,Latvia,197.18556
2016,Latvia,201.14178
2017,Latvia,205.72116
2018,Latvia,210.70595
2019,Latvia,215.91722
2020,Latvia,226.1379
2021,Latvia,216.22238
1990,Poland,101.57799
1991,Poland,103.282425
1992,Poland,104.98461
1993,Poland,106.7344
1994,Poland,108.7945
1995,Poland,111.080414
1996,Poland,113.10617
1997,Poland,115.088196
1998,Poland,117.169106
1999,Poland,119.56081
2000,Poland,122.578224
2001,Poland,125.871
2002,Poland,129.20691
2003,Poland,132.56442
2004,Poland,135.96068
2005,Poland,139.58218
2006,Poland,143.28423
2007,Poland,146.77673
2008,Poland,150.05563
2009,Poland,153.23721
2010,Poland,156.48215
2011,Poland,160.33894
2012,Poland,164.55498
2013,Poland,168.88135
2014,Poland,173.30603
2015,Poland,177.52913
2016,Poland,182.0961
2017,Poland,186.98788
2018,Poland,191.88924
2019,Poland,196.79834
2020,Poland,201.32648
2021,Poland,205.35587
1990,Moldova,84.58037
1991,Moldova,86.93056
1992,Moldova,88.767006
1993,Moldova,90.809074
1994,Moldova,92.56684
1995,Moldova,93.811714
1996,Moldova,94.71784
1997,Moldova,94.992615
1998,Moldova,95.52103
1999,Moldova,96.10683
2000,Moldova,97.19563
2001,Moldova,98.954666
2002,Moldova,100.70033
2003,Moldova,102.534515
2004,Moldova,103.993675
2005,Moldova,105.244286
2006,Moldova,105.832275
2007,Moldova,106.32845
2008,Moldova,106.62772
2009,Moldova,107.01175
2010,Moldova,108.096016
2011,Moldova,109.642944
2012,Moldova,112.37645
2013,Moldova,114.88405
2014,Moldova,117.32424
2015,Moldova,119.50694
2016,Moldova,120.19565
2017,Moldova,120.92924
2018,Moldova,121.46326
2019,Moldova,123.414246
2020,Moldova,130.78804
2021,Moldova,132.71764
1990,Slovakia,92.81175
1991,Slovakia,94.08086
1992,Slovakia,95.30692
1993,Slovakia,96.45503
1994,Slovakia,97.89106
1995,Slovakia,99.45956
1996,Slovakia,100.87463
1997,Slovakia,102.19797
1998,Slovakia,103.32111
1999,Slovakia,104.50578
2000,Slovakia,105.921486
2001,Slovakia,107.29476
2002,Slovakia,108.42307
2003,Slovakia,109.37365
2004,Slovakia,110.273895
2005,Slovakia,111.45025
2006,Slovakia,113.07594
2007,Slovakia,114.97554
2008,Slovakia,117.00144
2009,Slovakia,118.96471
2010,Slovakia,120.853546
2011,Slovakia,123.04204
2012,Slovakia,125.86773
2013,Slovakia,129.14008
2014,Slovakia,132.50691
2015,Slovakia,135.68347
2016,Slovakia,138.44005
2017,Slovakia,141.03844
2018,Slovakia,143.79294
2019,Slovakia,147.19724
2020,Slovakia,154.50821
2021,Slovakia,155.80093
1990,Slovenia,121.394875
1991,Slovenia,123.491844
1992,Slovenia,125.27115
1993,Slovenia,127.07474
1994,Slovenia,129.02472
1995,Slovenia,131.54688
1996,Slovenia,134.31526
1997,Slovenia,137.03561
1998,Slovenia,139.88629
1999,Slovenia,142.88324
2000,Slovenia,146.13564
2001,Slovenia,149.51027
2002,Slovenia,152.38086
2003,Slovenia,155.12689
2004,Slovenia,157.98387
2005,Slovenia,161.35683
2006,Slovenia,165.54747
2007,Slovenia,169.85019
2008,Slovenia,174.28397
2009,Slovenia,178.60977
2010,Slovenia,182.61316
2011,Slovenia,187.27779
2012,Slovenia,193.43188
2013,Slovenia,200.15276
2014,Slovenia,206.5695
2015,Slovenia,211.5152
2016,Slovenia,214.10886
2017,Slovenia,216.43811
2018,Slovenia,218.99817
2019,Slovenia,222.58305
2020,Slovenia,228.81229
2021,Slovenia,234.27344
1990,Austria,175.83908
1991,Austria,177.25754
1992,Austria,178.93742
1993,Austria,180.50444
1994,Austria,182.60666
1995,Austria,186.27293
1996,Austria,189.74965
1997,Austria,194.31151
1998,Austria,198.82977
1999,Austria,203.4792
2000,Austria,208.80772
2001,Austria,213.09224
2002,Austria,217.41954
2003,Austria,221.04436
2004,Austria,225.3
2005,Austria,230.79974
2006,Austria,236.95436
2007,Austria,244.79912
2008,Austria,252.7496
2009,Austria,261.35617
2010,Austria,269.30087
2011,Austria,274.7197
2012,Austria,279.8999
2013,Austria,283.71463
2014,Austria,288.15372
2015,Austria,292.51767
2016,Austria,297.55353
2017,Austria,307.0033
2018,Austria,316.08136
2019,Austria,323.37665
2020,Austria,326.32043
2021,Austria,329.19034
1990,Belgium,166.55052
1991,Belgium,170.39713
1992,Belgium,174.0687
1993,Belgium,177.55188
1994,Belgium,181.40175
1995,Belgium,185.96526
1996,Belgium,190.4064
1997,Belgium,195.0788
1998,Belgium,199.82057
1999,Belgium,204.78893
2000,Belgium,210.23814
2001,Belgium,215.4911
2002,Belgium,220.71422
2003,Belgium,225.70569
2004,Belgium,230.59645
2005,Belgium,235.44536
2006,Belgium,240.76006
2007,Belgium,247.1003
2008,Belgium,253.76097
2009,Belgium,259.96246
2010,Belgium,264.80832
2011,Belgium,269.52423
2012,Belgium,275.6611
2013,Belgium,282.4456
2014,Belgium,289.11984
2015,Belgium,293.9691
2016,Belgium,296.72504
2017,Belgium,299.48724
2018,Belgium,302.8158
2019,Belgium,307.27396
2020,Belgium,317.6248
2021,Belgium,317.54214
1990,Cyprus,129.26805
1991,Cyprus,131.8109
1992,Cyprus,134.26833
1993,Cyprus,136.68985
1994,Cyprus,139.23204
1995,Cyprus,141.8212
1996,Cyprus,144.46794
1997,Cyprus,147.1484
1998,Cyprus,149.5793
1999,Cyprus,152.02983
2000,Cyprus,154.65475
2001,Cyprus,157.48062
2002,Cyprus,160.51814
2003,Cyprus,163.65526
2004,Cyprus,167.0484
2005,Cyprus,170.4548
2006,Cyprus,173.4637
2007,Cyprus,176.32869
2008,Cyprus,179.2232
2009,Cyprus,182.08315
2010,Cyprus,184.83609
2011,Cyprus,187.71571
2012,Cyprus,191.29959
2013,Cyprus,195.6354
2014,Cyprus,200.48878
2015,Cyprus,205.49496
2016,Cyprus,209.99539
2017,Cyprus,214.28416
2018,Cyprus,218.87076
2019,Cyprus,224.34596
2020,Cyprus,239.0628
2021,Cyprus,244.58018
1990,Denmark,136.41197
1991,Denmark,141.35913
1992,Denmark,145.92937
1993,Denmark,149.71579
1994,Denmark,152.80783
1995,Denmark,154.82559
1996,Denmark,156.83109
1997,Denmark,159.22838
1998,Denmark,161.7816
1999,Denmark,164.56317
2000,Denmark,167.0574
2001,Denmark,170.81221
2002,Denmark,176.05208
2003,Denmark,181.73407
2004,Denmark,187.20027
2005,Denmark,191.21646
2006,Denmark,194.32654
2007,Denmark,197.465
2008,Denmark,200.88803
2009,Denmark,204.79659
2010,Denmark,209.36523
2011,Denmark,216.97037
2012,Denmark,228.24965
2013,Denmark,241.44223
2014,Denmark,254.3862
2015,Denmark,264.9863
2016,Denmark,273.94965
2017,Denmark,282.90958
2018,Denmark,291.7772
2019,Denmark,299.92038
2020,Denmark,302.85297
2021,Denmark,301.57172
1990,Ireland,122.64775
1991,Ireland,128.34842
1992,Ireland,133.46669
1993,Ireland,137.41429
1994,Ireland,140.36084
1995,Ireland,142.32953
1996,Ireland,143.09209
1997,Ireland,143.28148
1998,Ireland,143.08623
1999,Ireland,142.9473
2000,Ireland,143.36848
2001,Ireland,145.94658
2002,Ireland,151.04832
2003,Ireland,157.16376
2004,Ireland,162.91765
2005,Ireland,167.03056
2006,Ireland,169.89024
2007,Ireland,172.94997
2008,Ireland,176.28085
2009,Ireland,179.73006
2010,Ireland,183.26147
2011,Ireland,187.12323
2012,Ireland,191.63206
2013,Ireland,196.95168
2014,Ireland,202.92044
2015,Ireland,209.35484
2016,Ireland,216.58195
2017,Ireland,224.9725
2018,Ireland,234.43198
2019,Ireland,244.1069
2020,Ireland,258.60992
2021,Ireland,259.36514
1990,Italy,266.45166
1991,Italy,281.94504
1992,Italy,294.86844
1993,Italy,305.5939
1994,Italy,314.37442
1995,Italy,322.4706
1996,Italy,328.3537
1997,Italy,329.58722
1998,Italy,328.37906
1999,Italy,327.60794
2000,Italy,330.52798
2001,Italy,338.03745
2002,Italy,346.01785
2003,Italy,353.74152
2004,Italy,361.0114
2005,Italy,367.13928
2006,Italy,360.94128
2007,Italy,336.63492
2008,Italy,305.5195
2009,Italy,279.45807
2010,Italy,270.5767
2011,Italy,275.38696
2012,Italy,280.64502
2013,Italy,286.3722
2014,Italy,292.5437
2015,Italy,297.96442
2016,Italy,301.12787
2017,Italy,302.04276
2018,Italy,302.61493
2019,Italy,305.3994
2020,Italy,309.83817
2021,Italy,312.46417
1990,Lithuania,108.83526
1991,Lithuania,112.4981
1992,Lithuania,115.834145
1993,Lithuania,118.84786
1994,Lithuania,121.33286
1995,Lithuania,123.21337
1996,Lithuania,124.78015
1997,Lithuania,125.80973
1998,Lithuania,126.945076
1999,Lithuania,128.627
2000,Lithuania,131.2587
2001,Lithuania,135.99423
2002,Lithuania,142.13544
2003,Lithuania,149.229
2004,Lithuania,156.20538
2005,Lithuania,161.4749
2006,Lithuania,164.50078
2007,Lithuania,165.18552
2008,Lithuania,164.86942
2009,Lithuania,164.98148
2010,Lithuania,166.74184
2011,Lithuania,171.30458
2012,Lithuania,177.21062
2013,Lithuania,183.51247
2014,Lithuania,189.10555
2015,Lithuania,192.80336
2016,Lithuania,193.49251
2017,Lithuania,191.63467
2018,Lithuania,189.93498
2019,Lithuania,190.87656
2020,Lithuania,208.05618
2021,Lithuania,209.02734
1990,Luxembourg,173.11533
1991,Luxembourg,176.04498
1992,Luxembourg,178.42188
1993,Luxembourg,179.94879
1994,Luxembourg,181.25342
1995,Luxembourg,182.60811
1996,Luxembourg,183.56932
1997,Luxembourg,184.66687
1998,Luxembourg,185.45612
1999,Luxembourg,186.76654
2000,Luxembourg,188.92291
2001,Luxembourg,191.93262
2002,Luxembourg,196.39815
2003,Luxembourg,200.95929
2004,Luxembourg,205.31807
2005,Luxembourg,209.87375
2006,Luxembourg,214.29857
2007,Luxembourg,219.71968
2008,Luxembourg,224.93011
2009,Luxembourg,230.09059
2010,Luxembourg,235.00092
2011,Luxembourg,238.79866
2012,Luxembourg,242.49707
2013,Luxembourg,246.35188
2014,Luxembourg,250.4019
2015,Luxembourg,253.72449
2016,Luxembourg,256.1351
2017,Luxembourg,259.22183
2018,Luxembourg,262.84814
2019,Luxembourg,265.9806
2020,Luxembourg,265.89917
2021,Luxembourg,271.07117
1990,Malta,122.078094
1991,Malta,125.69643
1992,Malta,129.3685
1993,Malta,133.20248
1994,Malta,137.81898
1995,Malta,142.74997
1996,Malta,148.22652
1997,Malta,154.34952
1998,Malta,160.81984
1999,Malta,167.9311
2000,Malta,174.68193
2001,Malta,181.28885
2002,Malta,187.92978
2003,Malta,194.56754
2004,Malta,201.91548
2005,Malta,208.93956
2006,Malta,216.20428
2007,Malta,223.79462
2008,Malta,231.98135
2009,Malta,241.24316
2010,Malta,249.73204
2011,Malta,258.0698
2012,Malta,266.11172
2013,Malta,275.03973
2014,Malta,285.8804
2015,Malta,296.1851
2016,Malta,306.79773
2017,Malta,317.77267
2018,Malta,330.2208
2019,Malta,345.55942
2020,Malta,371.78674
2021,Malta,363.82727
1990,Ukraine,133.57549
1991,Ukraine,135.27385
1992,Ukraine,136.45592
1993,Ukraine,137.29988
1994,Ukraine,137.9409
1995,Ukraine,138.73697
1996,Ukraine,138.76343
1997,Ukraine,137.85358
1998,Ukraine,136.59134
1999,Ukraine,136.07806
2000,Ukraine,137.24115
2001,Ukraine,140.31047
2002,Ukraine,144.47261
2003,Ukraine,148.30902
2004,Ukraine,151.98915
2005,Ukraine,154.80783
2006,Ukraine,156.36244
2007,Ukraine,156.62485
2008,Ukraine,155.41498
2009,Ukraine,154.79488
2010,Ukraine,155.06926
2011,Ukraine,156.85666
2012,Ukraine,158.85962
2013,Ukraine,160.4182
2014,Ukraine,162.56265
2015,Ukraine,164.1858
2016,Ukraine,164.5991
2017,Ukraine,162.84914
2018,Ukraine,160.80894
2019,Ukraine,161.48886
2020,Ukraine,183.99304
2021,Ukraine,179.86732
1990,Finland,150.01433
1991,Finland,152.83922
1992,Finland,155.5404
1993,Finland,158.37473
1994,Finland,160.94936
1995,Finland,164.39438
1996,Finland,168.28696
1997,Finland,172.63454
1998,Finland,177.7084
1999,Finland,182.53615
2000,Finland,187.66519
2001,Finland,193.33087
2002,Finland,199.4754
2003,Finland,206.50484
2004,Finland,213.7276
2005,Finland,220.8218
2006,Finland,229.3652
2007,Finland,238.47723
2008,Finland,248.96878
2009,Finland,259.67438
2010,Finland,269.3874
2011,Finland,281.13568
2012,Finland,293.28992
2013,Finland,306.53915
2014,Finland,318.73615
2015,Finland,328.0222
2016,Finland,336.36313
2017,Finland,341.6662
2018,Finland,347.34018
2019,Finland,353.5667
2020,Finland,364.67007
2021,Finland,389.82327
1990,France,168.08835
1991,France,171.46341
1992,France,175.17787
1993,France,179.1658
1994,France,183.06393
1995,France,186.83188
1996,France,191.3412
1997,France,196.81195
1998,France,202.79396
1999,France,208.46335
2000,France,213.51166
2001,France,218.45181
2002,France,223.37497
2003,France,228.31105
2004,France,233.51224
2005,France,239.28922
2006,France,247.33458
2007,France,258.11365
2008,France,269.92236
2009,France,280.8677
2010,France,289.2613
2011,France,295.84814
2012,France,302.33508
2013,France,308.55905
2014,France,314.49704
2015,France,319.901
2016,France,324.464
2017,France,328.7368
2018,France,333.37607
2019,France,339.00656
2020,France,350.15338
2021,France,359.77237
1990,Germany,155.7857
1991,Germany,166.6762
1992,Germany,176.84924
1993,Germany,186.53188
1994,Germany,196.96178
1995,Germany,207.26405
1996,Germany,216.3926
1997,Germany,225.11378
1998,Germany,233.84933
1999,Germany,244.0018
2000,Germany,254.765
2001,Germany,264.6368
2002,Germany,273.81302
2003,Germany,283.122
2004,Germany,294.49835
2005,Germany,307.0018
2006,Germany,318.9151
2007,Germany,330.18924
2008,Germany,341.92645
2009,Germany,355.55936
2010,Germany,369.0763
2011,Germany,384.05258
2012,Germany,403.36343
2013,Germany,424.26068
2014,Germany,445.06107
2015,Germany,458.81107
2016,Germany,467.53098
2017,Germany,473.53372
2018,Germany,480.4965
2019,Germany,489.58884
2020,Germany,496.02066
2021,Germany,494.18268
1990,Greece,165.00322
1991,Greece,171.17636
1992,Greece,175.97638
1993,Greece,180.18896
1994,Greece,183.79749
1995,Greece,186.56349
1996,Greece,188.27922
1997,Greece,188.72356
1998,Greece,188.69907
1999,Greece,189.54398
2000,Greece,191.8369
2001,Greece,196.21413
2002,Greece,202.18861
2003,Greece,209.4233
2004,Greece,217.63623
2005,Greece,226.14656
2006,Greece,235.43427
2007,Greece,244.70314
2008,Greece,253.93224
2009,Greece,263.75415
2010,Greece,273.6835
2011,Greece,284.36072
2012,Greece,294.7673
2013,Greece,304.80045
2014,Greece,314.79437
2015,Greece,324.25467
2016,Greece,333.2333
2017,Greece,340.57343
2018,Greece,346.9594
2019,Greece,353.33322
2020,Greece,365.90018
2021,Greece,373.64975
1990,Netherlands,229.08527
1991,Netherlands,234.99449
1992,Netherlands,240.70103
1993,Netherlands,246.19278
1994,Netherlands,251.50546
1995,Netherlands,256.83194
1996,Netherlands,262.6769
1997,Netherlands,268.35953
1998,Netherlands,273.8348
1999,Netherlands,279.1918
2000,Netherlands,284.3533
2001,Netherlands,291.13007
2002,Netherlands,299.0551
2003,Netherlands,307.0802
2004,Netherlands,314.85742
2005,Netherlands,320.9409
2006,Netherlands,317.64734
2007,Netherlands,302.6145
2008,Netherlands,282.942
2009,Netherlands,266.85507
2010,Netherlands,262.82483
2011,Netherlands,269.4478
2012,Netherlands,279.444
2013,Netherlands,290.72964
2014,Netherlands,302.3121
2015,Netherlands,312.62265
2016,Netherlands,322.6396
2017,Netherlands,335.75284
2018,Netherlands,348.5638
2019,Netherlands,359.14426
2020,Netherlands,360.3712
2021,Netherlands,375.0363
1990,Norway,43.490555
1991,Norway,44.659157
1992,Norway,45.841663
1993,Norway,47.05906
1994,Norway,48.295784
1995,Norway,49.56646
1996,Norway,50.973232
1997,Norway,52.402714
1998,Norway,53.9141
1999,Norway,55.509842
2000,Norway,57.24576
2001,Norway,59.20616
2002,Norway,61.32103
2003,Norway,63.83458
2004,Norway,66.98007
2005,Norway,70.92259
2006,Norway,79.31034
2007,Norway,92.96194
2008,Norway,108.01725
2009,Norway,120.668
2010,Norway,127.263954
2011,Norway,129.0594
2012,Norway,130.3081
2013,Norway,131.637
2014,Norway,133.48419
2015,Norway,136.45996
2016,Norway,144.64528
2017,Norway,158.77348
2018,Norway,173.79274
2019,Norway,184.2142
2020,Norway,188.48784
2021,Norway,188.1113
1990,Portugal,108.04677
1991,Portugal,112.79806
1992,Portugal,117.16543
1993,Portugal,121.10436
1994,Portugal,124.68004
1995,Portugal,128.0045
1996,Portugal,131.14764
1997,Portugal,133.82382
1998,Portugal,136.27844
1999,Portugal,138.78697
2000,Portugal,141.70097
2001,Portugal,145.68092
2002,Portugal,150.12231
2003,Portugal,154.89348
2004,Portugal,160.22112
2005,Portugal,165.91112
2006,Portugal,173.15059
2007,Portugal,181.7798
2008,Portugal,191.1336
2009,Portugal,200.39076
2010,Portugal,208.2531
2011,Portugal,215.46916
2012,Portugal,222.33354
2013,Portugal,229.44876
2014,Portugal,236.76805
2015,Portugal,243.87462
2016,Portugal,252.17915
2017,Portugal,261.33267
2018,Portugal,271.1833
2019,Portugal,280.31442
2020,Portugal,288.2782
2021,Portugal,291.42065
1990,Spain,212.40195
1991,Spain,223.57715
1992,Spain,235.07114
1993,Spain,247.01973
1994,Spain,259.05157
1995,Spain,270.72168
1996,Spain,283.06436
1997,Spain,295.34637
1998,Spain,307.38895
1999,Spain,318.7835
2000,Spain,328.86798
2001,Spain,340.29367
2002,Spain,351.72433
2003,Spain,362.14923
2004,Spain,371.03445
2005,Spain,376.4472
2006,Spain,381.77713
2007,Spain,385.5247
2008,Spain,388.24475
2009,Spain,390.95932
2010,Spain,392.75262
2011,Spain,394.08994
2012,Spain,389.69174
2013,Spain,384.44614
2014,Spain,381.8089
2015,Spain,383.27982
2016,Spain,394.33817
2017,Spain,407.68726
2018,Spain,421.87177
2019,Spain,433.63406
2020,Spain,419.39792
2021,Spain,430.78842
1990,Sweden,143.34663
1991,Sweden,145.90811
1992,Sweden,148.2727
1993,Sweden,150.58896
1994,Sweden,152.95166
1995,Sweden,155.90575
1996,Sweden,158.61205
1997,Sweden,161.12128
1998,Sweden,163.70016
1999,Sweden,166.34515
2000,Sweden,169.64577
2001,Sweden,173.83296
2002,Sweden,178.98679
2003,Sweden,184.46933
2004,Sweden,189.4234
2005,Sweden,193.09496
2006,Sweden,195.42569
2007,Sweden,197.44876
2008,Sweden,199.52525
2009,Sweden,201.92784
2010,Sweden,204.84665
2011,Sweden,210.52597
2012,Sweden,219.74292
2013,Sweden,230.47704
2014,Sweden,240.77748
2015,Sweden,248.2316
2016,Sweden,253.81497
2017,Sweden,259.8387
2018,Sweden,265.91208
2019,Sweden,271.6192
2020,Sweden,276.00708
2021,Sweden,285.79
1990,Switzerland,184.74751
1991,Switzerland,187.7823
1992,Switzerland,190.93625
1993,Switzerland,194.36674
1994,Switzerland,197.85994
1995,Switzerland,201.43745
1996,Switzerland,204.92601
1997,Switzerland,208.47897
1998,Switzerland,212.34038
1999,Switzerland,216.42755
2000,Switzerland,221.08534
2001,Switzerland,227.46324
2002,Switzerland,235.90027
2003,Switzerland,245.00655
2004,Switzerland,253.33781
2005,Switzerland,259.56274
2006,Switzerland,263.85568
2007,Switzerland,267.8042
2008,Switzerland,271.53134
2009,Switzerland,275.06192
2010,Switzerland,278.43634
2011,Switzerland,281.67975
2012,Switzerland,284.73895
2013,Switzerland,287.77917
2014,Switzerland,291.0836
2015,Switzerland,294.7587
2016,Switzerland,300.1841
2017,Switzerland,307.45172
2018,Switzerland,315.06708
2019,Switzerland,321.59094
2020,Switzerland,320.29425
2021,Switzerland,334.00134
1990,United Kingdom,215.59808
1991,United Kingdom,217.11713
1992,United Kingdom,218.86682
1993,United Kingdom,220.82216
1994,United Kingdom,223.07422
1995,United Kingdom,225.67169
1996,United Kingdom,228.55562
1997,United Kingdom,231.99603
1998,United Kingdom,235.81421
1999,United Kingdom,239.72716
2000,United Kingdom,243.70006
2001,United Kingdom,247.98955
2002,United Kingdom,252.94128
2003,United Kingdom,257.99167
2004,United Kingdom,262.83917
2005,United Kingdom,267.2175
2006,United Kingdom,271.2325
2007,United Kingdom,275.9089
2008,United Kingdom,280.6078
2009,United Kingdom,284.7473
2010,United Kingdom,288.00812
2011,United Kingdom,286.68564
2012,United Kingdom,281.0461
2013,United Kingdom,273.7738
2014,United Kingdom,267.7911
2015,United Kingdom,266.49725
2016,United Kingdom,269.29892
2017,United Kingdom,274.65747
2018,United Kingdom,280.75092
2019,United Kingdom,285.83408
2020,United Kingdom,294.6668
2021,United Kingdom,292.39954
