Año,País,Parkinson,Tasa_contaminacion_Aire,Exp_Plomo,Pesticidas,Nitratos,Usuarios_Internet
1992,Czechia,115.57936,1.4554768,262.31787,1105.73,8.09096,4600811.5
1993,Czechia,117.588,1.4439969,253.40916,1105.73,7.2548356,5614239.5
1994,Czechia,119.72034,1.2986329,251.6261,1105.73,8.145075,6279030.5
1995,Czechia,122.08167,1.1137013,249.17851,1105.73,7.585634,6990960.5
1999,Czechia,131.69164,1.0828159,223.43585,1105.73,7.373879,191.02272
2000,Czechia,134.29433,1.087004,218.0728,1105.73,7.329857,285.7122
2001,Czechia,137.09378,1.1268606,212.69067,1105.73,7.584157,7594268.0
2002,Czechia,140.07516,1.3246146,208.23709,1105.73,7.4654922,8246874.0
2003,Czechia,142.97894,1.4562051,208.58057,1129.87,8.811313,8947446.0
2008,Czechia,155.4882,1.2569369,159.59993,1129.86,21.08494,10.159603
2009,Czechia,157.91159,1.216045,153.92581,1160.01,22.01453,50.500214
2010,Czechia,160.58452,1.1694916,149.25333,5650.0,23.138468,151.43349
2011,Czechia,164.34276,1.3041717,145.86537,4628.0,23.273115,301.63873
2012,Czechia,168.99818,1.4294578,141.48944,4566.0,23.018824,501.3559
2013,Czechia,174.1726,1.6519297,136.69194,4103.0,22.687735,5025.932
2014,Czechia,179.30971,1.7114767,128.74988,3922.0,22.426378,8043.211
2015,Czechia,184.00603,1.7752433,126.4589,5043.0,22.412134,14991.212
2016,Czechia,188.6217,1.6637622,121.17688,3672.0,21.584595,34871.746
2017,Czechia,193.0386,1.550436,118.87499,3679.0,20.038532,40003.742
2018,Czechia,197.55186,1.6666725,116.40102,3623.0,21.390268,46112.895
2019,Czechia,202.631,1.6435621,112.00377,2867.0,20.844854,50135.973
2020,Czechia,211.4698,1.6575642,110.16241,3174.0,20.570066,60186.742
2021,Czechia,209.97318,1.6327243,105.90344,3311.0,19.763266,1424.448
1992,Montenegro,94.91232,0.6164474,228.76015,12092.0,10.467315,10330593.0
1993,Montenegro,96.06998,0.65915066,236.48161,17274.0,10.4552965,14177712.0
1994,Montenegro,97.45093,0.6791066,246.1096,15326.0,14.810449,17358480.0
1995,Montenegro,99.307884,0.66834927,249.23264,17337.49,15.260464,20374048.0
1992,Bulgaria,187.93904,3.3492541,555.86017,750.45,10.676307,1096754.2
1993,Bulgaria,194.62332,3.4985461,594.3438,558.5,7.7595954,1258641.2
1994,Bulgaria,200.63184,3.497118,620.72675,762.42,12.409845,1319482.1
1995,Bulgaria,205.62329,3.44067,630.0565,1060.24,10.805776,1461154.2
1996,Bulgaria,208.8935,3.1175425,639.12366,1386.94,13.72267,774918.75
1997,Bulgaria,209.45403,2.9846315,669.32806,1580.79,15.182738,833212.8
1998,Bulgaria,209.09337,2.147818,652.38336,1808.87,19.285158,874576.4
1999,Bulgaria,209.69574,1.4777588,631.3212,1759.35,19.779142,938973.6
2000,Bulgaria,212.21988,0.9153416,665.869,1528.07,29.983284,1012740.0
2001,Bulgaria,217.22975,0.9474203,676.7978,1166.27,33.712063,1618532.8
2002,Bulgaria,223.63257,1.4950242,676.35895,1042.53,30.181383,1796288.6
2003,Bulgaria,230.70384,1.8480855,663.685,1059.25,33.00274,1810206.4
2004,Bulgaria,237.81387,1.7600931,653.0893,1254.56,43.42447,2396272.8
2005,Bulgaria,244.26505,1.3400855,674.28503,1560.01,64.54851,3155577.0
2006,Bulgaria,250.6062,1.4443991,674.6048,1781.41,65.077835,3280797.5
2007,Bulgaria,257.4455,1.6315274,646.88,2046.39,78.69874,4206175.0
2008,Bulgaria,264.46768,1.7191126,617.80115,2646.16,32.351673,4841811.5
2009,Bulgaria,271.31918,1.5635798,610.6847,2938.25,33.861702,6427952.5
2010,Bulgaria,277.29062,1.4342827,614.6443,3123.39,38.706764,7037037.0
2011,Bulgaria,273.27197,1.4152925,604.0574,2793.45,14.585076,7614666.0
2012,Bulgaria,254.87541,1.5002488,573.98175,2848.95,14.585076,7948515.5
2013,Bulgaria,230.73123,1.5791725,553.9079,2832.85,16.831776,7909983.5
2014,Bulgaria,209.86504,1.4445204,567.0218,92.08,16.831776,103787.36
2015,Bulgaria,201.99774,1.2659448,555.06525,92.08,15.748696,114810.7
2018,Bulgaria,216.65753,1.0339817,532.54254,84.45,14.898605,405.6612
2019,Bulgaria,220.98845,0.96945775,518.3406,144.2,15.325146,465.61908
2020,Bulgaria,220.6885,0.9049383,512.103,207.1,18.708954,937.87506
2021,Bulgaria,223.83974,0.877371,494.3837,117.56,19.061707,1072933.9
1992,Croatia,110.536095,2.101563,348.60376,3115.18,17.56665,1035472.7
1993,Croatia,113.441376,2.306932,346.8327,3539.45,17.600723,1352529.1
1994,Croatia,117.09169,2.4022756,345.03564,3667.88,19.557306,1987050.1
1995,Croatia,122.37807,2.3338604,345.72037,3504.96,19.729862,2348558.0
1996,Croatia,127.910866,2.0678241,342.89197,3504.96,18.208483,78853.91
1997,Croatia,134.01129,1.9837518,341.5876,3504.96,18.92966,147490.77
1998,Croatia,140.17288,1.8685108,333.44012,3504.96,19.57631,196474.23
1999,Croatia,146.40099,2.0287838,326.88947,3504.96,19.07756,343942.75
2000,Croatia,152.55133,1.8017119,312.0387,3504.96,19.112911,737792.6
2001,Croatia,157.63696,1.6827723,303.93918,3504.96,19.162394,2833833.0
2002,Croatia,161.7309,1.8638984,301.65793,3504.96,18.714485,4107928.8
2003,Croatia,164.81644,2.0486557,300.5648,3504.96,18.145401,5327902.5
2004,Croatia,167.78218,2.1139722,277.70468,3504.96,18.734806,6600096.5
2005,Croatia,171.12236,1.8864607,276.18674,3504.96,18.660934,8219886.0
2006,Croatia,175.31847,1.8310829,267.00336,3504.96,23.715437,11368414.0
2007,Croatia,180.20827,1.9467839,267.52228,3504.96,23.667942,13174164.0
2008,Croatia,184.86676,1.9082518,265.33163,3504.96,23.213833,14069535.0
2009,Croatia,189.00504,1.9495434,255.33841,3504.96,24.006485,18074694.0
2010,Croatia,192.29959,1.8598677,250.42107,2184.51,23.163532,22177726.0
2017,Croatia,213.7266,2.0176234,185.19897,2224.09,21.32614,735.2554
2018,Croatia,219.62729,2.1660423,180.75073,1731.13,24.521715,1157.907
2019,Croatia,225.01425,2.1376622,173.1626,1238.18,24.796011,1645.671
2020,Croatia,229.92807,2.1481214,168.94443,745.22,23.824657,5305.9683
2021,Croatia,232.19794,2.1619835,166.19066,864.51,24.214876,985407.7
1992,Bosnia and Herzegovina,83.01893,3.4910479,554.5086,374.1,21.449795,5096789.0
1993,Bosnia and Herzegovina,86.322784,3.8613799,568.85706,435.96,23.98764,5695301.5
1994,Bosnia and Herzegovina,92.13053,3.7971797,571.24835,434.11,22.92093,5985094.5
1995,Bosnia and Herzegovina,98.875885,3.6765146,571.15546,380.01,23.720882,6280942.0
1996,Bosnia and Herzegovina,106.065,3.2730248,558.9729,315.72,20.727823,702255500.0
1997,Bosnia and Herzegovina,113.72197,3.1949694,538.23206,328.0,20.262665,746956000.0
1998,Bosnia and Herzegovina,118.718376,2.835953,503.76007,407.82,22.188938,766908600.0
1999,Bosnia and Herzegovina,121.70755,2.6198716,490.32178,434.32,22.85614,840053300.0
2000,Bosnia and Herzegovina,125.42242,2.2886283,482.93002,429.15,25.573498,912204350.0
2001,Bosnia and Herzegovina,129.25679,2.0775857,468.93372,377.28,28.749996,7069243.0
2002,Bosnia and Herzegovina,132.54321,2.241379,457.17352,390.32,29.0171,7731658.0
2003,Bosnia and Herzegovina,135.382,2.1535547,442.30118,425.21,29.277983,9066253.0
2004,Bosnia and Herzegovina,137.74385,2.049108,428.03366,457.36,27.087591,9644272.0
2005,Bosnia and Herzegovina,139.97908,1.7495841,431.34967,481.63,26.956892,10258463.0
2006,Bosnia and Herzegovina,143.70444,1.6973097,417.55365,469.23,29.339268,10916807.0
2007,Bosnia and Herzegovina,148.62631,1.6802593,435.16812,615.39,29.339268,13829824.0
2008,Bosnia and Herzegovina,152.21112,1.568037,411.62637,739.07,1.8709317,15263835.0
2009,Bosnia and Herzegovina,155.75826,1.4863732,407.8077,940.45,1.8709317,15279047.0
2010,Bosnia and Herzegovina,160.24297,1.5067472,396.62463,869.9,1.8045416,16040315.0
2011,Bosnia and Herzegovina,164.38062,1.627922,392.09995,984.42,1.8954331,16321461.0
2012,Bosnia and Herzegovina,168.4838,1.7326188,378.62595,1186.21,8.01951,16730596.0
2013,Bosnia and Herzegovina,171.80362,1.7698632,375.7677,1428.99,8.01951,17548312.0
2017,Bosnia and Herzegovina,184.98701,1.297764,359.2846,76053.0,10.131062,2019.62
2018,Bosnia and Herzegovina,188.44058,1.5423126,353.79248,84748.0,8.573149,14122.546
2019,Bosnia and Herzegovina,191.65004,1.5893464,357.5773,93444.0,8.187283,60454.098
2020,Bosnia and Herzegovina,194.7708,1.6150746,354.41782,102139.0,2.9666667,161028.4
2021,Bosnia and Herzegovina,191.91708,1.5376102,329.20108,110835.0,14.736399,999026600.0
1992,Estonia,152.94778,0.43317235,250.4104,4128.1,20.332825,5175152.5
1993,Estonia,157.20903,0.42389977,271.02728,4128.1,23.892973,5618576.0
1994,Estonia,161.12439,0.3703178,295.0702,4128.1,23.264898,6601076.5
1995,Estonia,164.44806,0.37011057,280.89618,4128.1,23.436901,6821426.0
1998,Estonia,167.7609,0.32982916,259.2107,4128.1,20.964695,193.52298
1999,Estonia,167.81163,0.28369054,252.33699,4128.1,20.711847,2416.9863
2000,Estonia,169.27095,0.34222272,252.14584,4128.1,21.389093,9668.707
2001,Estonia,174.01141,0.37652504,261.81134,4128.1,21.053389,7479360.5
2002,Estonia,182.12874,0.4271599,258.70874,1275.29,21.150293,8197566.0
2003,Estonia,191.71967,0.39874956,253.39726,1037.32,20.984608,9517068.0
2008,Estonia,222.39534,0.25829872,247.18973,481403.1,21.29869,88.81153
2009,Estonia,226.50818,0.2789283,243.60849,463475.4,21.111246,1890.9451
2010,Estonia,229.939,0.29969674,227.3534,458332.66,20.521397,5224.323
2011,Estonia,231.0022,0.32954538,227.64873,458829.6,20.331215,10363.419
2012,Estonia,229.65904,0.309983,224.1105,475181.4,20.47221,20509.494
2013,Estonia,226.15997,0.28726596,215.03104,477347.6,20.750708,71758.12
2014,Estonia,221.85512,0.28047022,214.54405,466512.03,21.171936,103639.54
2015,Estonia,219.17413,0.26172483,204.46481,446629.62,21.39475,156709.39
2016,Estonia,217.2122,0.22205526,204.32361,438299.38,21.498537,262213.47
2017,Estonia,215.77986,0.17666559,186.06174,449523.12,20.492918,315012.9
2018,Estonia,215.05519,0.22481193,180.07556,427200.9,21.242485,420091.9
2019,Estonia,216.16324,0.2020447,169.70276,442057.44,22.227194,472928.97
2020,Estonia,234.41371,0.19564846,167.56021,459330.5,21.603651,526328.9
2021,Estonia,228.03111,0.1901441,162.21346,437589.53,23.710936,14519.542
1992,Latvia,138.20218,0.52773076,268.5407,140.57,13.525753,12284.136
1993,Latvia,142.0285,0.5822125,312.84525,91.65,14.774716,12703.65
1994,Latvia,144.81349,0.5600445,345.2546,166.04,14.8817215,21401.715
1995,Latvia,146.55624,0.5995207,323.86737,265.7,15.812021,22691.0
1996,Latvia,147.70926,0.5330596,278.86356,357.02,15.756393,268562.28
1997,Latvia,147.93037,0.42760578,265.8939,140.55,15.127255,416523.16
1998,Latvia,147.75563,0.35832098,275.27612,139.81,15.40035,446498.75
1999,Latvia,147.90704,0.30961072,260.668,138.33,16.121983,848297.6
2000,Latvia,149.4901,0.35224408,256.69583,136.84,15.946305,976792.8
2001,Latvia,152.99164,0.35696128,272.49673,135.36,16.618164,31593.438
2002,Latvia,157.2849,0.3599279,271.59415,129.13,15.800182,35111.176
2003,Latvia,162.23901,0.32794365,265.77313,122.63,17.95703,37432.477
2004,Latvia,166.94798,0.288309,261.20905,110.31,19.290348,38947.13
2005,Latvia,170.61893,0.27846602,270.34183,96.9,20.065752,41886.78
2006,Latvia,172.39517,0.25539666,281.61124,78.68,5.276154,46871.22
2007,Latvia,172.38292,0.28265774,275.4883,67.92,5.276154,51462.434
2008,Latvia,172.07755,0.25975072,252.68893,63.19,5.4353704,53644.71
2009,Latvia,172.3516,0.2502195,238.76913,63.7,5.0615153,58191.812
2010,Latvia,174.44707,0.254846,234.08324,84.04,3.3635714,62073.496
2011,Latvia,178.29973,0.3239839,224.26709,112.58,5.5839043,66083.125
2012,Latvia,183.01675,0.35448667,215.7152,175.28,6.2755404,80652.15
2013,Latvia,188.04416,0.36743206,212.67102,297.78,3.9510858,87959.766
2014,Latvia,192.79208,0.30472362,202.49529,382.15,4.4954476,90788.69
2015,Latvia,197.18556,0.30559692,193.84277,424.91,4.067119,100359.48
2021,Latvia,216.22238,0.24607687,166.3286,793.93,10.69742,1193621.5
1992,Austria,178.93742,1.597447,180.01419,3619.0,27.586168,9974952.0
1993,Austria,180.50444,1.7249889,178.93974,3402.0,26.506536,10131159.0
1994,Austria,182.60666,1.554963,176.52654,3565.0,26.761826,10373208.0
1995,Austria,186.27293,1.517842,175.20168,3689.6,29.362993,10562242.0
1996,Austria,189.74965,1.4145999,176.74431,3340.3,30.037287,1622.7228
1997,Austria,194.31151,1.4289709,174.51228,3418.6,29.80319,3250.6252
1998,Austria,198.82977,1.4308146,172.35756,3563.2,28.465279,10847.838
1999,Austria,203.4792,1.5888081,167.8122,3132.2,25.758762,16266.539
2000,Austria,208.80772,1.6085932,159.19264,3079.2,25.135878,27058.639
2001,Austria,213.09224,1.7452973,151.26718,3384.9,24.695696,10736431.0
2007,Austria,244.79912,1.7372364,120.37805,3531.8,24.561562,92.68516
2008,Austria,252.7496,1.5633796,118.00957,3692.4,23.879822,1856.7291
2009,Austria,261.35617,1.4619603,118.244286,3441.5,24.591467,2802.1125
2010,Austria,269.30087,1.4515471,115.45486,3563.3,26.027163,4709.8022
2011,Austria,274.7197,1.4560229,112.19575,3108.6,26.06615,9501.415
2012,Austria,279.8999,1.5261091,110.55083,3380.7,18.846428,14361.452
2013,Austria,283.71463,1.5611831,108.67531,3787.1,18.761406,14552.706
2014,Austria,288.15372,1.5922205,105.53147,3662.0,18.336588,26626.111
2015,Austria,292.51767,1.5858462,103.77641,4656.0,17.728554,47556.82
2016,Austria,297.55353,1.5872077,99.781555,5295.0,17.331692,69093.6
2017,Austria,307.0033,1.5553405,95.172745,4963.0,17.950182,72844.78
2018,Austria,316.08136,1.7311263,93.25857,5595.0,17.225132,80050.09
2019,Austria,323.37665,1.730264,89.31505,5862.0,16.981176,85032.1
2020,Austria,326.32043,1.7291712,87.678734,148.68,16.568213,90312.195
2021,Austria,329.19034,1.6432282,81.569016,148.68,17.165812,53954.082
1995,Belgium,185.96526,1.9839565,270.96423,6297.22,33.10091,102.35235
2001,Belgium,215.4911,1.3149476,234.5465,6248.62,34.085316,2043.2076
2002,Belgium,220.71422,2.090895,232.49396,6357.33,35.5995,5105.9033
2003,Belgium,225.70569,2.1599913,228.16373,5944.14,34.370384,7151.0254
2004,Belgium,230.59645,2.1062777,213.78792,5835.12,29.862583,9192.232
2005,Belgium,235.44536,1.8073432,202.2326,5709.67,29.972357,19393.201
2006,Belgium,240.76006,1.5382729,191.23064,9074.21,27.714483,25487.672
2007,Belgium,247.1003,1.4712602,184.4193,9074.21,5.765525,48855.44
2008,Belgium,253.76097,1.23979,178.07079,9074.21,4.9398637,54042.01
2009,Belgium,259.96246,1.2824342,170.35219,9074.21,3.4807608,65469.086
2010,Belgium,264.80832,1.2373358,161.84499,8449.91,4.743587,90943.555
2011,Belgium,269.52423,1.1222142,153.80013,9007.08,4.504449,111122.34
2012,Belgium,275.6611,1.2591652,148.9109,8742.92,1.9158437,140374.55
2013,Belgium,282.4456,1.3971269,143.92961,8306.6,2.1070938,177523.73
2014,Belgium,289.11984,1.4438115,136.70428,9095.89,0.5433875,388236.12
2015,Belgium,293.9691,1.308389,133.81598,8829.62,0.5433875,499857.22
2016,Belgium,296.72504,1.1597131,128.16031,771.0,23.320232,639673.56
2017,Belgium,299.48724,1.0561333,123.17965,696.0,24.26479,884770.6
2018,Belgium,302.8158,1.2484125,118.6502,997.0,24.26479,1093768.0
2019,Belgium,307.27396,1.2454734,114.01668,1057.83,23.334774,1229925.5
2020,Belgium,317.6248,1.2016537,107.2132,1118.67,23.94404,1380508.5
1993,Cyprus,136.68985,7.563427,499.06705,5440.0,23.61478,515.2971
1994,Cyprus,139.23204,6.7828474,470.7068,4759.9,23.923283,989.7251
1995,Cyprus,141.8212,6.6176205,460.91562,4957.4,25.237684,2063.71
1996,Cyprus,144.46794,6.1800203,447.79828,5306.06,24.874332,996599.06
1997,Cyprus,147.1484,6.1076946,451.56192,5345.4,24.869242,1156619.4
1998,Cyprus,149.5793,5.479526,445.25937,5146.98,24.618742,1322052.2
1999,Cyprus,152.02983,5.1042976,420.58426,4683.39,25.348692,1522512.2
2000,Cyprus,154.65475,5.2730684,401.06863,4472.87,23.159925,1819431.0
2001,Cyprus,157.48062,5.397854,382.4795,4433.0,22.491682,3615.9155
2002,Cyprus,160.51814,5.4886494,366.78415,4433.0,23.166117,7032.9414
2003,Cyprus,163.65526,5.076706,349.1161,4092.0,22.686375,13450.86
2004,Cyprus,167.0484,4.5614057,320.43625,3908.2,19.957659,25793.57
2005,Cyprus,170.4548,3.9061472,301.83627,3515.1,20.05393,40948.46
2006,Cyprus,173.4637,3.8979936,291.21136,3461.1,6.36387,50632.895
2007,Cyprus,176.32869,3.4903572,277.2303,9838.76,4.131675,55007.418
2008,Cyprus,179.2232,3.747216,264.75156,9838.76,3.1636758,59238.797
2009,Cyprus,182.08315,3.567416,257.56183,9838.76,2.9743261,63381.645
2010,Cyprus,184.83609,4.064773,255.43733,1105.73,2.9479432,72288.23
2011,Cyprus,187.71571,3.9054735,247.21071,1105.73,3.6964705,76276.58
2012,Cyprus,191.29959,4.0321965,236.65062,1105.73,4.530859,80231.73
2013,Cyprus,195.6354,4.033009,227.49753,1105.73,6.63775,84160.98
2014,Cyprus,200.48878,3.9194622,219.86003,1105.73,7.2665,89994.44
2015,Cyprus,205.49496,3.973059,214.09912,1105.73,5.054369,96101.66
2016,Cyprus,209.99539,3.6839874,203.96953,1105.73,4.7003994,102360.23
2017,Cyprus,214.28416,3.756657,202.46518,1105.73,4.459807,108549.62
2018,Cyprus,218.87076,3.8445916,196.86203,1105.73,4.86844,114636.99
2019,Cyprus,224.34596,3.827155,192.87067,1105.73,6.277342,120618.1
2020,Cyprus,239.0628,3.6262674,180.55498,1105.73,4.805105,126482.0
2021,Cyprus,244.58018,3.597214,172.52719,1105.73,5.97122,2414342.2
1992,Denmark,145.92937,1.567186,181.93831,3713.96,19.289946,691478.0
1996,Denmark,156.83109,2.5517821,161.95776,5409.43,25.59715,322311170.0
1997,Denmark,159.22838,2.5555367,152.9322,5975.25,26.72696,388674300.0
1998,Denmark,161.7816,2.7101734,145.44337,6316.61,29.850328,471901000.0
1999,Denmark,164.56317,2.4739513,143.70319,6384.22,29.951914,525484960.0
2000,Denmark,167.0574,2.2695541,134.43631,6451.83,28.523396,586128060.0
2004,Denmark,187.20027,1.9907451,117.80758,5874.45,30.588234,576.8533
2005,Denmark,191.21646,1.9317552,110.13654,6815.45,26.362957,1920.4731
2006,Denmark,194.32654,1.8969364,105.95062,7069.45,5.414094,5759.586
2007,Denmark,197.465,2.1153631,101.45358,7069.45,5.3449464,19202.756
2008,Denmark,200.88803,1.8919423,95.371086,7069.45,5.9796786,28820.494
2009,Denmark,204.79659,1.9587654,91.224945,2565.86,7.2324643,76903.555
2010,Denmark,209.36523,1.9001019,87.04097,3.12,7.6931357,144307.14
2011,Denmark,216.97037,1.9611601,80.89261,3.12,8.35696,481266.84
2012,Denmark,228.24965,2.1894488,76.83155,3.12,8.187787,577765.1
2013,Denmark,241.44223,2.2963932,73.61907,3.12,7.9277844,626358.0
2014,Denmark,254.3862,2.1858046,70.220856,3.12,5.899918,674877.6
2015,Denmark,264.9863,1.9325575,68.368675,3.12,5.187724,724339.5
2016,Denmark,273.94965,1.6554698,66.50622,3.12,20.27489,784856.5
2017,Denmark,282.90958,1.4946498,63.738182,3.12,20.305695,820536.1
2018,Denmark,291.7772,1.8104715,62.268795,3.12,20.997086,892341.4
2019,Denmark,299.92038,1.7551244,59.997353,3.12,20.861397,986837.4
2020,Denmark,302.85297,1.6798437,57.577415,3.12,20.833559,1083570.8
2021,Denmark,301.57172,1.6572753,56.231777,3.12,20.895536,642921200.0
1992,Ireland,133.46669,1.7682184,264.12375,1108.54,5.305242,6116.454
1993,Ireland,137.41429,1.8074595,263.9542,1278.96,29.11,15291.683
1994,Ireland,140.36084,1.8131037,257.7894,1218.48,29.11,79601.445
1995,Ireland,142.32953,1.8220369,254.21758,1138.79,30.09,113257.3
1996,Ireland,143.09209,1.7086823,244.08409,1051.14,29.373333,118387.945
1997,Ireland,143.28148,1.501968,234.3004,1409.14,29.373333,124682.95
1998,Ireland,143.08623,1.7665734,227.51334,1560.62,59.796104,82604.52
1999,Ireland,142.9473,1.8471532,220.42772,1761.15,59.796104,119243.72
2000,Ireland,143.36848,1.7343932,208.49492,1500.4,59.796104,97709.09
2001,Ireland,145.94658,1.5031177,192.25702,1853.15,21.992188,197324.03
2002,Ireland,151.04832,1.4306359,181.56638,1641.61,21.992188,223106.8
2003,Ireland,157.16376,1.3397719,169.60413,79821.18,13.376875,266559.88
2004,Ireland,162.91765,1.1350211,160.58556,79821.18,14.955953,318580.16
2005,Ireland,167.03056,1.0263131,150.28621,79821.18,22.870556,362206.94
2006,Ireland,169.89024,0.9472983,143.05705,79821.18,22.870556,380468.12
2007,Ireland,172.94997,1.0262854,136.62105,79821.18,26.224226,585551.8
2008,Ireland,176.28085,0.87508166,129.74751,79821.18,26.090744,766217.25
2009,Ireland,179.73006,0.866646,123.637436,79821.18,26.335289,1183917.5
2010,Ireland,183.26147,0.67834836,114.749886,79821.18,23.34158,1392961.0
2011,Ireland,187.12323,0.73072135,112.05908,79821.18,18.069689,1455043.2
2012,Ireland,191.63206,0.7740399,108.23513,79821.18,23.225521,1577128.0
2013,Ireland,196.95168,0.7559492,104.157364,79821.18,20.444134,1515053.0
2014,Ireland,202.92044,0.38879848,98.80322,78735.45,24.149868,1684293.6
2015,Ireland,209.35484,0.32457817,96.848816,70262.54,24.454096,1748331.8
2016,Ireland,216.58195,0.28191093,94.63426,67869.72,23.961048,2027753.2
2017,Ireland,224.9725,0.3268287,88.824875,64688.88,21.802803,2175706.0
2018,Ireland,234.43198,0.26486713,85.45415,63829.77,23.370207,2457199.5
2019,Ireland,244.1069,0.22699928,81.16232,65248.26,24.08731,2575967.2
2020,Ireland,258.60992,0.18656866,74.47215,61164.07,22.052563,2694471.8
2021,Ireland,259.36514,0.15056528,68.44124,58750.0,20.938387,157187.0
1992,Italy,294.86844,2.9344292,217.85185,1111.9,19.896555,2043583.9
1993,Italy,305.5939,2.8446274,215.20448,708.0,25.240425,2446920.0
1994,Italy,314.37442,2.8303502,212.6336,1010.0,19.568165,3199336.2
1995,Italy,322.4706,2.7338214,206.4973,719.0,9.954062,3927159.0
1996,Italy,328.3537,2.5036373,200.77687,666.0,9.954062,28492098.0
1997,Italy,329.58722,2.67218,198.73112,1028.0,18.606647,30854056.0
1998,Italy,328.37906,2.6353219,200.0381,1291.4,20.529444,33378962.0
1999,Italy,327.60794,2.4625776,195.38066,675.0,20.529444,36007196.0
2000,Italy,330.52798,2.0065446,188.66286,1862.0,5.3566313,38860492.0
2001,Italy,338.03745,1.7140791,181.55502,1176.0,5.3566313,4805301.0
2002,Italy,346.01785,1.9509159,179.59074,1257.0,4.3972983,5863169.5
2003,Italy,353.74152,2.0905218,179.25053,17182.0,4.6805053,7189737.5
2004,Italy,361.0114,2.0654,169.464,17182.0,4.6972528,8779410.0
2005,Italy,367.13928,2.0035489,165.70888,17182.0,3.4692914,9073601.0
2006,Italy,360.94128,1.9137224,159.20337,13535.0,4.6970987,10113210.0
2007,Italy,336.63492,1.763235,156.06146,13047.0,5.274468,10552400.0
2008,Italy,305.5195,1.6256526,154.77155,8112.0,5.987703,11288240.0
2009,Italy,279.45807,1.5671152,152.88861,6416.14,5.1378045,11688621.0
2010,Italy,270.5767,1.6325706,149.47935,4720.28,5.2633147,12106562.0
2011,Italy,275.38696,1.6650367,146.57547,3024.42,8.565526,12442722.0
2012,Italy,280.64502,1.7564888,144.08705,3007.26,7.939756,14032447.0
2013,Italy,286.3722,1.7601105,139.35675,3361.84,7.7,15803409.0
2014,Italy,292.5437,1.7880526,135.58112,3606.55,9.093049,17561006.0
2015,Italy,297.96442,1.8069756,137.36569,3802.92,8.0112915,19453520.0
2016,Italy,301.12787,1.8385365,131.10362,3666.62,8.4812765,21427762.0
2017,Italy,302.04276,1.8246768,128.20947,3926.27,11.257018,23576428.0
2021,Italy,312.46417,2.1350012,110.78336,6283.85,9.265189,41840404.0
1992,Lithuania,115.834145,1.3905013,230.02277,139.89,23.766897,245658.08
1993,Lithuania,118.84786,1.5016252,257.94888,88.26,23.766897,292111.84
1994,Lithuania,121.33286,1.3229338,266.31848,49.52,22.138083,333227.06
1995,Lithuania,123.21337,1.4189576,258.76,130.46,21.073833,379053.8
1998,Lithuania,126.945076,0.7195784,224.4118,146.76,19.341396,477.75266
1999,Lithuania,128.627,0.6723873,218.2454,68.01,21.436825,963.29
2000,Lithuania,131.2587,0.85008925,213.88551,114.51,22.872793,9751.88
2001,Lithuania,135.99423,0.9835725,225.5458,109.39,20.590513,420625.12
2002,Lithuania,142.13544,1.0471265,224.4145,93.88,22.401047,485903.22
2003,Lithuania,149.229,0.9874669,227.32965,112.11,23.59579,583709.4
2004,Lithuania,156.20538,0.80153346,228.25252,143.9,21.638643,695400.56
2005,Lithuania,161.4749,0.78994983,242.03784,241.89,17.90266,5031.6294
2006,Lithuania,164.50078,0.6913047,247.23622,310.36,18.720638,10069.437
2007,Lithuania,165.18552,0.7303355,252.13857,377.71,19.14027,30292.742
2008,Lithuania,164.86942,0.5360806,240.79042,507.94,18.021696,50631.035
2009,Lithuania,164.98148,0.5334233,220.196,453.91,18.120375,111632.22
2010,Lithuania,166.74184,0.50708646,219.67883,401.39,17.045946,152521.1
2011,Lithuania,171.30458,0.54960525,213.64905,493.54,19.6061,535900.44
2012,Lithuania,177.21062,0.5461497,206.63275,642.78,18.587452,1133209.0
2013,Lithuania,183.51247,0.5351252,202.47006,705.85,18.252436,1771688.8
2014,Lithuania,189.10555,0.44266176,191.18858,746.05,18.253622,2891607.0
2015,Lithuania,192.80336,0.43421656,190.59846,765.83,18.28153,5588928.0
2016,Lithuania,193.49251,0.31143463,185.14099,701.11,18.421354,7485550.5
2017,Lithuania,191.63467,0.22442822,170.19829,171.8,16.129787,8513987.0
2018,Lithuania,189.93498,0.2791764,164.34232,171.8,15.727553,16972862.0
2019,Lithuania,190.87656,0.2438049,157.73825,171.8,18.203299,19027530.0
2020,Lithuania,208.05618,0.23126307,154.26907,171.8,9.889121,21047514.0
2021,Lithuania,209.02734,0.2148599,147.30397,171.8,9.889121,29646.861
1992,Luxembourg,178.42188,1.1898724,187.14575,28599.61,9.378688,9788310.0
1993,Luxembourg,179.94879,1.2614105,181.61319,27142.08,12.572989,9860989.0
1994,Luxembourg,181.25342,1.4557971,176.59508,29259.16,12.572989,39991.29
1995,Luxembourg,182.60811,1.442835,170.88306,30204.09,4.002008,80200.92
2001,Luxembourg,191.93262,1.199331,140.60052,39406.48,38.35006,120431.15
2002,Luxembourg,196.39815,1.8580314,138.03265,46868.35,38.60504,150367.53
2003,Luxembourg,200.95929,1.8324255,134.64555,54821.91,33.797382,190226.06
2004,Luxembourg,205.31807,1.8164943,127.001236,52464.19,27.651525,250078.39
2005,Luxembourg,209.87375,1.6038889,119.57006,60194.83,35.50616,321746.47
2006,Luxembourg,214.29857,1.3695108,114.999084,41562.16,39.222183,1070463.6
2007,Luxembourg,219.71968,1.3187064,106.61375,49810.48,38.09004,1763352.9
2008,Luxembourg,224.93011,1.1514148,100.80048,61445.6,36.69781,2429000.0
2009,Luxembourg,230.09059,1.3321381,95.64321,49199.43,36.92617,3383665.2
2010,Luxembourg,235.00092,1.4513595,90.447815,63307.64,4.758023,3981741.2
2011,Luxembourg,238.79866,1.4320776,86.74284,67288.0,4.52125,4469149.0
2012,Luxembourg,242.49707,1.3945317,83.6999,50683.0,4.5409794,4774076.0
2013,Luxembourg,246.35188,1.343233,80.98433,44114.0,2.5770772,5006485.0
2014,Luxembourg,250.4019,1.4197401,78.518486,47805.0,2.4610891,5209708.5
2015,Luxembourg,253.72449,1.3838624,76.957886,36076.9,5.3978343,5661235.0
2016,Luxembourg,256.1351,1.3498882,74.9996,45671.0,6.0827885,5825038.0
2017,Luxembourg,259.22183,1.2473099,71.94934,38.04,5.801712,6052249.0
2018,Luxembourg,262.84814,1.4448357,71.05812,38.04,3.9040244,6290703.0
2019,Luxembourg,265.9806,1.4389764,66.81171,38.04,3.9522328,6565805.0
2020,Luxembourg,265.89917,1.3614985,62.0267,38.04,4.200411,6742498.5
1992,Malta,129.3685,3.517447,521.39246,1191.9,4.7119684,10718349.0
1993,Malta,133.20248,3.318446,499.85635,1041.71,4.49675,12776272.0
1994,Malta,137.81898,3.1347451,470.8936,945.98,4.4690957,20255894.0
1995,Malta,142.74997,3.0759218,461.6149,886.29,4.307339,24595976.0
2001,Malta,181.28885,2.2143133,427.65244,1206.18,16.762972,26377204.0
2002,Malta,187.92978,2.3522427,417.1976,1265.35,16.516434,29206682.0
2003,Malta,194.56754,2.382594,406.6041,1310.84,17.104736,31961304.0
2004,Malta,201.91548,2.2454162,389.45688,1486.41,16.599123,33936496.0
2005,Malta,208.93956,1.8235481,382.24716,1473.83,16.027224,35336404.0
2006,Malta,216.20428,1.6499524,366.1258,1629.95,15.970017,39829652.0
2007,Malta,223.79462,1.4536465,344.42194,1881.09,15.683507,43003628.0
2008,Malta,231.98135,1.3180834,327.1691,1983.48,15.209257,47642140.0
2009,Malta,241.24316,1.2581892,313.54953,2225.46,15.312705,53742350.0
2010,Malta,249.73204,1.3606582,302.81244,1723.97,16.262028,59971436.0
2011,Malta,258.0698,1.3513529,306.95877,2025.8,15.291667,63144788.0
2012,Malta,266.11172,1.3878444,300.00708,1935.07,14.831633,66867040.0
2013,Malta,275.03973,1.5333244,280.44443,2436.52,14.72347,70569930.0
2020,Malta,371.78674,1.4074423,191.80222,26624.98,13.379995,2022.4114
1992,Finland,155.5404,0.42379254,112.23538,493.15,24.246237,518.35596
1993,Finland,158.37473,0.5018686,109.75178,485.69,21.957733,1019.5547
1994,Finland,160.94936,0.4344404,105.29054,485.69,19.524004,1012.40875
1995,Finland,164.39438,0.5401282,104.03277,485.69,16.087751,994.1619
2001,Finland,193.33087,0.6304764,89.33398,485.69,112.72948,978.9896
2002,Finland,199.4754,0.6501406,87.71765,485.69,109.21677,20230.287
2003,Finland,206.50484,0.65228516,85.230736,485.69,113.118835,20251.336
2004,Finland,213.7276,0.5745701,82.20365,485.69,114.79152,78860.72
2005,Finland,220.8218,0.6284767,79.05708,112.01,115.64768,93354.63
2006,Finland,229.3652,0.56314343,77.366394,112.01,0.04,105529.45
2007,Finland,238.47723,0.5235984,76.34198,112.01,0.04,113699.164
2008,Finland,248.96878,0.42674357,74.45924,112.01,0.625,143047.84
2009,Finland,259.67438,0.45273417,73.03384,159.69,0.58144444,246928.67
2010,Finland,269.3874,0.45626777,71.79702,190.34,0.26941666,465943.8
2011,Finland,281.13568,0.45143148,69.72413,229.87,0.2304,746630.3
2012,Finland,293.28992,0.48771596,68.12165,233.93,0.21,790375.06
2013,Finland,306.53915,0.46548414,66.6432,229.83,0.1925,934553.4
2014,Finland,318.73615,0.4218603,65.63088,238.86,0.125,1184396.1
2015,Finland,328.0222,0.3434241,64.20503,222.82,0.185,1439435.8
2016,Finland,336.36313,0.24566719,62.73615,238.05,0.2035,1768877.5
1992,France,175.17787,1.2842953,149.51385,287.89,0.204,20082.664
1993,France,179.1658,1.3328422,147.55583,260.18,0.24,20047.637
1994,France,183.06393,1.4095148,144.03775,262.41,0.24,22024.322
1995,France,186.83188,1.5825802,143.31651,374.39,22.432745,21998.1
1996,France,191.3412,1.6064274,141.98999,355.48,22.525867,2025082.6
1997,France,196.81195,1.5575817,138.46341,366.71,17.461365,2115697.0
1998,France,202.79396,1.5321383,137.42502,344.29,17.386099,2074083.6
1999,France,208.46335,1.2606587,135.38489,407.89,18.786207,2133946.2
2000,France,213.51166,0.96042484,131.83337,441.88,18.238028,2195982.5
2001,France,218.45181,0.82354915,129.28764,541.66,18.122663,22476.242
2002,France,223.37497,1.0793599,126.66645,500.99,17.10917,22940.125
2003,France,228.31105,1.0925213,123.274376,418.1,16.742647,24826.2
2004,France,233.51224,1.0492901,115.53836,300.61,16.59946,26804.25
2005,France,239.28922,0.92640585,111.99985,3081.1,16.768204,28816.8
2006,France,247.33458,0.84049404,107.6239,3081.1,16.703117,30850.75
2007,France,258.11365,0.78840965,103.6015,3081.1,17.263407,32741.1
2008,France,269.92236,0.72243965,100.45838,3081.1,17.06566,34640.34
2009,France,280.8677,0.7479477,97.004395,3081.1,17.25393,35409.55
2010,France,289.2613,0.7635404,93.44125,3081.1,17.24971,36167.0
2011,France,295.84814,0.7369546,89.93302,3081.1,14.254369,36917.64
2012,France,302.33508,0.74420494,87.51789,3081.1,11.006499,37699.297
2013,France,308.55905,0.7648185,84.73576,3081.1,13.84763,35825.848
2014,France,314.49704,0.78607696,81.16633,3081.1,13.7193365,36601.176
2015,France,319.901,0.77442485,80.04889,3081.1,12.326148,37331.31
2021,France,359.77237,0.6636257,64.76011,3081.1,12.464654,2234212.5
1992,Germany,176.84924,1.168732,134.53851,10.24,13.381149,508325.34
1993,Germany,186.53188,1.3508918,132.80876,11.52,12.936028,683460.75
1994,Germany,196.96178,1.3415328,129.30792,9.46,12.132331,816171.8
1995,Germany,207.26405,1.3454583,124.54444,7.59,27.854284,969035.5
1996,Germany,216.3926,1.2629671,122.29417,5.11,27.967999,33168716.0
2001,Germany,264.6368,1.0520566,112.41786,8.61,19.412405,1025135.1
2002,Germany,273.81302,1.432215,111.85837,8.61,19.537039,1106137.6
2003,Germany,283.122,1.4765857,110.26759,143.75,19.699417,1262779.9
2004,Germany,294.49835,1.3948805,104.14704,138.6,18.789303,1482247.0
2005,Germany,307.0018,1.196191,100.03096,128.3,18.837534,2556908.2
2006,Germany,318.9151,1.1739848,97.494286,120.19,20.959976,3697133.5
2007,Germany,330.18924,1.2281429,95.73936,131.66,21.10187,4892655.0
2010,Germany,369.0763,1.146788,86.76852,109.31,27.257057,197.35275
2011,Germany,384.05258,1.1485984,84.307755,91.83,26.268023,4934.715
2012,Germany,403.36343,1.1636648,83.48872,95.76,20.78377,19742.633
2013,Germany,424.26068,1.2116407,82.971344,98.24,19.888428,29616.37
2014,Germany,445.06107,1.3050708,79.84002,94.48,20.042013,177652.0
2015,Germany,458.81107,1.3781018,79.467224,87.33,38.242413,493210.5
2016,Germany,467.53098,1.3668076,77.83687,81.84,19.915644,1479091.0
2017,Germany,473.53372,1.2458891,74.79248,99.58,2.877,2760805.0
2018,Germany,480.4965,1.3263084,72.63473,113.89,2.877,4911606.0
2019,Germany,489.58884,1.2842952,69.241714,121.46,4.8517776,6280637.0
2020,Germany,496.02066,1.2654034,67.31586,215.63,27.429167,7794308.5
1992,Greece,175.97638,1.9309886,307.84955,9.3,28.045454,338006.16
1993,Greece,180.18896,2.010013,301.81268,7.81,0.1482067,355455.06
1994,Greece,183.79749,2.0165937,300.34647,6.37,0.7004108,379056.34
1995,Greece,186.56349,1.8981454,300.36334,4.55,0.6830782,395681.4
1996,Greece,188.27922,1.7177383,298.86984,3.21,1.4054699,5018.648
1997,Greece,188.72356,1.9597244,294.9146,15.21,1.7796981,7003.5977
1998,Greece,188.69907,2.020691,294.25095,41.12,1.8319479,9947.619
1999,Greece,189.54398,2.242821,292.0429,79.92,1.5566825,11880.824
2000,Greece,191.8369,2.3191988,287.29077,98.33,1.3327156,13811.803
2001,Greece,196.21413,2.513522,283.27618,96.09,3.8888996,432338.7
2002,Greece,202.18861,2.8539548,279.75586,84.71,4.941977,450113.4
2003,Greece,209.4233,2.5621326,278.1453,12004.33,5.531684,458676.62
2010,Greece,273.6835,3.2107391,234.31705,11427.48,4.2160225,18.082409
2011,Greece,284.36072,3.1059797,230.52258,10850.64,4.2996035,485.17078
2012,Greece,294.7673,2.9177346,225.45872,10273.79,3.2837071,778.198
2013,Greece,304.80045,2.634743,211.45525,9696.94,2.5464664,872.71124
2014,Greece,314.79437,1.9787455,196.1331,10044.62,2.6133814,1201.3761
2015,Greece,324.25467,1.827753,191.66629,10392.31,2.7619426,1327.4816
2016,Greece,333.2333,1.6204374,186.63077,10739.99,4.6125,1864.7924
2017,Greece,340.57343,1.5716496,183.7278,11959.92,5.9104166,2014.1326
2018,Greece,346.9594,1.5051721,177.87653,13506.02,4.86875,1974.1244
2019,Greece,353.33322,1.477596,175.57571,15951.27,5.313542,2055.975
2020,Greece,365.90018,1.4588038,174.2599,22883.17,5.255625,2394.254
2021,Greece,373.64975,1.433775,171.30447,18091.67,5.1966667,19690.73
1992,Iceland,157.67459,0.586609,176.11926,4713.64,4.915625,218043660.0
1993,Iceland,161.07228,0.54221654,171.55354,7051.91,5.748958,232304900.0
1994,Iceland,164.95001,0.5322666,172.34827,6494.24,5.425,250300080.0
1995,Iceland,168.56175,0.54193693,169.50334,6609.9,4.984375,259884750.0
2001,Iceland,197.0741,0.70436597,137.67628,5855.93,4.8670835,283951550.0
2002,Iceland,202.84242,0.7856778,134.35492,5855.93,4.60625,288208640.0
2003,Iceland,208.69846,0.78050476,130.30205,692.0,4.509375,290293060.0
2004,Iceland,213.98256,0.6673032,125.35899,692.0,4.60625,302547520.0
2005,Iceland,217.68303,0.628725,117.35602,692.0,4.60625,309947000.0
2006,Iceland,220.64659,0.6081992,114.60619,692.0,10.743,335082080.0
2007,Iceland,223.30382,0.7360588,111.110085,692.0,10.0297985,335518850.0
2008,Iceland,226.29431,0.76942796,107.317856,816.0,9.905377,348021980.0
2009,Iceland,230.19333,0.88334376,103.75967,616.0,6.5651064,376940670.0
2010,Iceland,235.09071,0.9394262,101.15864,848.0,4.8608894,424755400.0
2011,Iceland,241.30183,0.89127165,96.92405,755.0,5.2519126,431778880.0
2012,Iceland,248.14752,0.9359127,93.3751,508.0,5.897245,448182660.0
2013,Iceland,255.16774,0.9354955,90.16148,548.0,3.002964,475619900.0
2014,Iceland,261.19867,0.8814966,86.73596,837.47,3.1164973,485726460.0
2015,Iceland,266.02386,0.71528834,83.873566,878.68,3.2697954,502541100.0
2021,Iceland,302.63867,0.63382787,62.67418,956.52,6.5443144,814.27826
